url,sku,name,price,description
https://jpeterman.com/collections/all/products/essential-leggings-classic,J7050,Mid-Rise Leggings,"$48.00
Unavailable","<p data-mce-fragment=""1""><span data-mce-fragment=""1"">Wrapping.</span></p>
<p data-mce-fragment=""1"">A woman’s legs should be carefully and exquisitely wrapped, as they are about the most precious thing on this planet. The fabric should be soft, but with some stretch. The colors have to blend and bend. The fit, of course, must be exact but not binding.</p>
<p data-mce-fragment=""1"">Essential Leggings (<span data-mce-fragment=""1"">No</span>. J7050). Fitted leggings in a deliciously comfortable viscose blend. Non-frumpy, waist-trimming, wide elastic waistband. Ankle length. Imported.</p>"
https://jpeterman.com/collections/all/products/boatneck-ballet-tee-spring-2022,J6524,Boatneck Ballet Tee,"$44.00
Unavailable","<div class=""metafield-rich_text_field""><p>Very Audrey.</p><p>&nbsp;</p><p>I met my wife, Audrey, at Scotty’s outside Tappan. She always seemed to bring her dates there the nights I worked. Along with the Vermeer face and dancer’s legs, Audrey has a knack for wearing exactly the right things, from big floppy hats to ballet flats, and turning them into classics.</p></div>"
https://jpeterman.com/collections/all/products/marie-antoinette-nightshirt-sale,J1019,Marie Antoinette Nightshirt,"$98.00
Unavailable","<div class=""metafield-rich_text_field""><p>What Marie Antoinette Wore to Bed.</p><p>Marie-Antoinette had everything. Her father was Emperor. Her&nbsp;husband was King. She was Queen.<br>
</p><p>But Versailles suffocated her. She hated the acres of ormolu, miles of&nbsp;mirrors, armies of flatterers. She yearned for something else; she&nbsp;yearned for innocence.<br>
</p><p>This simple nightshirt epitomizes Marie-Antoinette’s dream of&nbsp;innocence.</p></div>"
https://jpeterman.com/collections/all/products/bay-rum,J4905,Bay Rum,"$36.00
Unavailable","<div class=""metafield-rich_text_field""><p>You have no idea how complicated this was.<br>
</p><p>Actually, some of you might. I’ll get to that in a moment.<br>
</p><p>Originally, we sold Bay Rum produced in the Dominica by A.C. Shillingford. They’d been doing it since 1907 and did it very well. But all good things must come to an end and this was no exception. When they closed shop we searched high and low for a new source. Some of you may remember ordering the item only to have it never materialize. We made&nbsp;sure to make amends for that via refunds and discounts.</p><p>In the spirit of perseverance (and wanting good things to continue) we decided to have the highly sought after formula reproduced by our magicians so that you too could experience the scent described as less strong than anything called perfume or aftershave but not so quiet as to be boring.&nbsp;In fact, it is quite sexy. Men have liked Bay Rum since Spanish Main days. They like it for the least complicated reason in the world. It smells good. Made in USA.</p></div>"
https://jpeterman.com/collections/all/products/s-s-vintage-tee-1,J6607,Short-Sleeve Vintage T-Shirt,"$44.00
Unavailable","<div class=""metafield-rich_text_field""><p>The New Vintage T-Shirts.</p><p>What is this? It looks old.</p><p>Well, it’s a vintage T-shirt. It’s new but looks old.</p><p>It’s new but looks old?</p><p>Well, it seems new, but looks old.</p><p>Seems? You mean it really is old?</p><p>Well, you know when you’re out buying a couple of steaks and maybe some antifreeze and you decide on a pack of T-shirts at the same time? You mean it’s like that?</p><p>Well, it’s like that… but different.</p><p>Different?</p><p>A lot different.</p><p>(Adding to the mystery, the original historic labels were accidentally removed and replaced by our own. Sorry.)</p></div>"
https://jpeterman.com/collections/all/products/wrap-knit-top,J6811,Wrap Knit Top,"$29.00
Unavailable","<div class=""metafield-rich_text_field""><p>Conversation Starters.</p><p>Leytonstone Station in front of the Suspicion mosaic, one of 17 installed in 1999 to commemorate the films of Alfred Hitchcock.&nbsp;The scene depicts Grant’s Johnny Aysgarth in a suit made up of cobalt, black, and grey tiles. He carries a tray, and on it a glass, which we know holds poisoned milk.</p><p>Next thing, there’s a woman at my elbow. “She didn’t drink it, you know.” A gentle Emerald Island brogue.</p><p>“He didn’t, either,” I add.</p><p>A whole conversation in nine words, which sometimes is exactly enough.</p><p>She’s wearing jeans and high leather boots with a chic wrap top.</p><p>I think I got all the details right.</p></div>"
https://jpeterman.com/collections/all/products/1903-vintage-cologne,J1400,1903 Vintage Cologne,"$69.00
Unavailable","<div class=""metafield-rich_text_field""><p>1903.</p><p>I was browsing in a Paris antique shop one winter afternoon when a fitted leather train case caught my eye.</p><p>It contained silver-handled brushes, boot hooks, a straight razor, several silver-stoppered glass bottles.</p><p>Inside a bottle, there was still the faint aroma of a gentleman's cologne. Custom-made for a rich traveler a century ago.</p><p>Curiosity was eating at me. I bought the case and sent the bottle to a laboratory for analysis. They broke down the residue by gas chromatography. Identified its fingerprint through spectrophotometry.</p><p>The report said: an ""old woody fougère."" Clean citrus notes, bergamot, ""green notes."" The middle notes: clary sage, cardamom. The dry-down: leather notes, smoky labdanum… elemi, tabac, frankincense.</p><p>The detective work was impressive. So is the thing itself. Women like the way it smells on a man. Like a symphony that begins loudly, then soon slides into subtle, entangling developments that grow on them.</p><p>Or so I've been told.</p></div>"
https://jpeterman.com/collections/all/products/1903-spray-cologne,J1401,1903 Spray Cologne,"$49.00
Unavailable","<div class=""metafield-rich_text_field""><p>1903.</p><p>I was browsing in a Paris antique shop one winter afternoon when a fitted leather train case caught my eye.</p><p>It contained silver-handled brushes, boot hooks, a straight razor, several silver-stoppered glass bottles.</p><p>Inside a bottle, there was still the faint aroma of a gentleman's cologne. Custom-made for a rich traveler a century ago.</p><p>Curiosity was eating at me. I bought the case and sent the bottle to a laboratory for analysis. They broke down the residue by gas chromatography. Identified its fingerprint through spectrophotometry.</p><p>The report said: an ""old woody fougère."" Clean citrus notes, bergamot, ""green notes."" The middle notes: clary sage, cardamom. The dry-down: leather notes, smoky labdanum… elemi, tabac, frankincense.</p><p>The detective work was impressive. So is the thing itself. Women like the way it smells on a man. Like a symphony that begins loudly, then soon slides into subtle, entangling developments that grow on them.</p><p>Or so I've been told.</p></div>"
https://jpeterman.com/collections/all/products/russian-navy-shirt,6600,North Sea Navy Shirt,"$49.00
Unavailable","<p>North Sea&nbsp;Navy Shirt.</p>
<p>&nbsp;</p>
<p>If you see a dark-eyed girl paddling a green boat and her boyfriend laughs and smokes and he is wearing a not-bad-looking striped navy shirt, then it’s France.</p>
<p>Unless it’s New York. But if the girl and her boyfriend are both blonde, and pale smoky-eyed, and he, you notice, is deeply tanned and wearing a striped navy shirt, then it’s Finland. Or the island of Sylt. Or Krk. Unless it’s Central Park.</p>
<p>North Sea Navy Shirt (N<sup>o</sup>. 6600). For men and women. A faithful copy; like the original, it’s “unimproved.” Pure cotton. Long sleeve. Looks better (and more courageous) under a jacket than a t-shirt or button down. Excellent all by itself, as you know. Imported.</p>"
https://jpeterman.com/collections/all/products/1903-concentrated-shaving-cream,J1403,1903 Concentrated Shaving Cream,"$36.00
Unavailable","<div class=""metafield-rich_text_field""><p>1903.</p><p>I was browsing in a Paris antique shop one winter afternoon when a fitted leather train case caught my eye.</p><p>It contained silver-handled brushes, boot hooks, a straight razor, several silver-stoppered glass bottles.</p><p>Inside a bottle, there was still the faint aroma of a gentleman's cologne. Custom-made for a rich traveler a century ago.</p><p>Curiosity was eating at me. I bought the case and sent the bottle to a laboratory for analysis. They broke down the residue by gas chromatography. Identified its fingerprint through spectrophotometry.</p><p>The report said: an ""old woody fougère."" Clean citrus notes, bergamot, ""green notes."" The middle notes: clary sage, cardamom. The dry-down: leather notes, smoky labdanum… elemi, tabac, frankincense.</p><p>The detective work was impressive. So is the thing itself. Women like the way it smells on a man. Like a symphony that begins loudly, then soon slides into subtle, entangling developments that grow on them.</p><p>Or so I've been told.</p></div>"
https://jpeterman.com/collections/all/products/v-neck-soho-tee,6525,V-Neck SoHo Tee,"$29.00
Unavailable","<p>The Soho Tee.</p>
<p>Owning T-shirts is like eating jellybeans.</p>
<p>My point in comparing jellybeans and T-shirts?</p>
<p>You can’t stop at one color when you find something you like. Which I did when I spotted her, a few blocks away, at Mercer and Prince Street in a perfect V-neck tee.</p>
<p>As did everyone else.</p>
<p>(The people snapping pictures of her soon informed me, she is the darling of the indie film scene.)</p>
<p>V-Neck SoHo Tee (No. 6525). Recreated in 100% Pima cotton slub. Self-fabric neck trim. Casual to dressy with everything. Unlike jellybeans, these have no calories. Imported.</p>"
https://jpeterman.com/collections/all/products/gurkha-pants,J6582,The Original Gurkha Pants,"$89.00
Unavailable","<div class=""metafield-rich_text_field""><p>Pants of Glory</p><p>Of all the statues along Whitehall in London (technically, the heart of the British Empire), my favorite is the sturdy Gurkha Soldier.</p><p>He stands on permanent guard outside the Ministry of Defense, rifle in hand, hat at a jaunty angle. “Bravest of the brave,” reads the memorial inscription, and it’s true; Gurkha regiments in service to Britain have won a remarkable 26 Victoria Crosses for courage under fire.</p><p>I can’t promise that stepping into his pants will make a person more intrepid, but the way they look is a nudge in the right direction.</p></div>"
https://jpeterman.com/collections/all/products/baseball-glove-wallet-tan,J1004,Baseball Glove Wallet,"$68.00
Unavailable","<div class=""metafield-rich_text_field""><p>The Right Stuff.</p><p>Stop and think about that wonderful dark pocket of leather in the middle of a baseball glove.</p><p>This wallet is made out of that leather: baseball-glove leather. Center cut. Beautifully made to last and darken, and be with you for a long time.</p></div>"
https://jpeterman.com/collections/all/products/lightweight-denim-wide-legs-spring-2021,J2388,Lightweight Denim Wide Legs,"$98.00
Unavailable","<p data-mce-fragment=""1"">Zig When They Zag.</p>
<p data-mce-fragment=""1"">Women today are flocking to tight designer jeans, narrow at the bottom and low at the waist, hoping to accomplish what the gym couldn’t.</p>
<p data-mce-fragment=""1"">Well, their wallets are thinner.</p>
<p data-mce-fragment=""1"">You, on the other hand, have never been one to follow the crowd. So I’d like to suggest something different. A new take on the silhouette that made stars like Harlow lankier, leggier.</p>
<p data-mce-fragment=""1"">Yes, wide-legged pants in denim.</p>
<p data-mce-fragment=""1"">“Hmm, you look taller, somehow. New hairdresser?”</p>
<p data-mce-fragment=""1"">I spotted the original in Paris, where they know a few things about flattering the female form.</p>
<p data-mce-fragment=""1"">Lightweight Denim Wide Legs (No. 2388). In soft, weathered cotton. Clean Hollywood waistband with big well-spaced belt loops, an open, refreshing look. Trim on-seam pockets and front and back darts. Waist curves up in back to form V-shaped notch, for victory over the commonplace. 31"" inseam. Imported.</p>"
https://jpeterman.com/collections/all/products/boatneck-ballet-tee,J6524,Boatneck Ballet Tee,"$44.00
Unavailable","<div class=""metafield-rich_text_field""><p>Very Audrey.</p><p>I met my wife, Audrey, at Scotty’s outside Tappan. She always seemed to bring her dates there the nights I worked. Along with the Vermeer face and dancer’s legs, Audrey has a knack for wearing exactly the right things, from big floppy hats to ballet flats, and turning them into classics.</p></div>"
https://jpeterman.com/collections/all/products/glamour-pants,J1067,The Silk Twill Glamour Pant,"$178.00
Unavailable","<div class=""metafield-rich_text_field""><p>Glamour.</p><p>Men’s trousers from 1940, adapted to a woman’s body.<br>
</p><p>Fluid, sensual, elegant silk twill.<br>
</p><p>(It drapes beautifully, moves one millisecond later than you move, then continues moving one millisecond after you’ve stopped.)<br>
</p><p>As every man who isn’t dead yet has noticed, women who dress this way could never be confused with a man.<br>
</p><p>Yes, glamorous.&nbsp;</p></div>"
https://jpeterman.com/collections/all/products/officer-gentleman-field-shirt,J6635,Officer & Gentleman Field Shirt,"$59.00
Unavailable","<div class=""metafield-rich_text_field""><p>The Field Shirt.</p><p>&nbsp;</p><p>You’ve been searching for this shirt for about as long as I have.</p><p>You had one (so did I) years back, passed down from your dad or your grandfather, who left it up to you to wear it out completely.</p><p>A man can only mend a shirt so many times before surrendering. Time to reenter the fray.</p><p>Sturdy construction (it’s also exceptionally handsome, I’m told) for absolutely anything other than surrender.</p></div>"
https://jpeterman.com/collections/all/products/classic-twill-pants,J7287,Classic Twill Pants,"$59.00
Unavailable","<div class=""metafield-rich_text_field""><p>Non-Symbolic Twills.</p><p>People see deep meaning in women's pants, but with these you can breathe easy.</p><p>These, with their midrise and triple washed feel, started life about 50 years ago. An English lady living in Placentia slipped on a similar pair (her husband's old&nbsp;Sandhurst tans) to prune the rosebushes humming Elgar but enjoying her new California weather.</p><p>Next thing, her daughter is seen wearing them, then her granddaughter, who wears them with a blazer and sandals when she meets me.</p><p>These pants have moved through time very nicely in their unselfconscious way, so I haven't really made any changes except... better buttons, slant front pockets and a delicate but colorful twill detail inside the waistband.</p><p>&nbsp;</p></div>"
https://jpeterman.com/collections/all/products/marie-antoinette-nightshirt1,J1019,Marie Antoinette Nightshirt,"$98.00
Unavailable","<div class=""metafield-rich_text_field""><p>What Marie Antoinette Wore to Bed.</p><p>Marie-Antoinette is the one who said: “If they don’t have bread, let them eat cake.”<br>
</p><p>She herself had cake... but wanted bread.<br>
</p><p>People want what they haven’t got. Especially when they have Everything.<br>
</p><p>She had everything. Her father was Emperor. Her husband was King. She was Queen.<br>
</p><p>But Versailles suffocated her. She hated the acres of ormolu, miles of mirrors, armies of flatterers. She yearned for something else; she yearned for innocence.<br>
</p><p>She almost got it; built another world for herself. Off in the woods, far from Versailles, she created a tiny hamlet of farms, cowsheds, private apartments with thatched roofs, dairies, vegetable gardens, a ballroom in the form of a barn; a little gleaming river, even a secluded meadow.<br>
</p><p>Few were ever invited to see it.<br>
</p><p>But it was a sensation. Overnight, the aristocracy would have given anything for the privilege of... milking a cow. Or any other favors.&nbsp;This simple nightshirt epitomizes Marie-Antoinette’s dream of innocence.</p></div>"
https://jpeterman.com/collections/all/products/1903-aftershave-balm,J1402,1903 Aftershave Balm,"$49.00
Unavailable","<div class=""metafield-rich_text_field""><p>1903.</p><p>I was browsing in a Paris antique shop one winter afternoon when a fitted leather train case caught my eye.</p><p>It contained silver-handled brushes, boot hooks, a straight razor, several silver-stoppered glass bottles.</p><p>Inside a bottle, there was still the faint aroma of a gentleman's cologne. Custom-made for a rich traveler a century ago.</p><p>Curiosity was eating at me. I bought the case and sent the bottle to a laboratory for analysis. They broke down the residue by gas chromatography. Identified its fingerprint through spectrophotometry.</p><p>The report said: an ""old woody fougère."" Clean citrus notes, bergamot, ""green notes."" The middle notes: clary sage, cardamom. The dry-down: leather notes, smoky labdanum… elemi, tabac, frankincense.</p><p>The detective work was impressive. So is the thing itself. Women like the way it smells on a man. Like a symphony that begins loudly, then soon slides into subtle, entangling developments that grow on them.</p><p>Or so I've been told.</p></div>"
https://jpeterman.com/collections/all/products/the-new-l-s-1947-dress-early-fall,J6778,Long-Sleeve 1947 Dress,"$168.00
Unavailable","<div class=""metafield-rich_text_field""><p>The 1947 Dress.</p><p>&nbsp;</p><p>The most flattering dress of the 20th century.</p><p>Full, sweeping skirt and shaped bodice, for artful emphasis on legs, hips, waist, and bust.</p><p>Rita wore it. Coeds and secretaries wore it. Your mother wore it. Women looked wonderful in it. Still do. And always will.</p><p>Unless the female form undergoes some kind of radical transformation.</p></div>"
https://jpeterman.com/collections/all/products/boatneck-ballet-tee-black-large,2354,Boatneck Ballet Tee,"$19.00
Unavailable","<p>Very Audrey.</p>
<p>Everyone knows an Audrey.</p>
<p>The French writer Colette (frizzy henna curls, bright rouge circles on her ancient cheeks) is being pushed in a wheelchair through the dining room of the Hôtel de Paris in Monte Carlo. Suddenly, she sees this unknown wide-eyed beauty and raises a bony finger: “Voilà! That’s my Gigi!”</p>
<p>I met my wife, Audrey, at Scotty’s outside Tappan. She always seemed to bring her dates there the nights I worked.</p>
<p>Along with the Vermeer face and dancer’s legs, Audrey has a knack for wearing exactly the right things, from big floppy hats to ballet flats, and turning them into classics.</p>
<p>Boatneck Ballet Tee&nbsp;(No. 2354). With three-quarter sleeves and wide scoop neck to show off your fabulous collarbones. The fabric is a silky long-staple pima cotton with a bit of stretchy stuff for fit.<o>&nbsp;Imported.</o></p>"
https://jpeterman.com/collections/all/products/1950s-tie-front-blouse,J7298,1953 Tie-Front Blouse,"$88.00
Unavailable","<div class=""metafield-rich_text_field""><p>Kate Meets Lana.</p><p>An improbable encounter, you might think, but consider the facts.</p><p>They both did screen tests for the role of Scarlett, only to see it go to that little vixen nobody had ever heard of.</p><p>They both dated Howard Hughes, too, in the glamorous days before he wore Kleenex boxes.</p><p>The most convincing evidence, however, is this blouse. Clearly the result of them putting their heads together in the early Fifties.</p><p>It combines emphasis on form with a patrician air. The long line of that V-neck and stand-up collar entices, the cinched waist and slightly open, turned-down cuffs suggest a number of scenarios... but the cool crispness insists on good behavior.</p><p>Perfect for that next audition of yours.</p></div>"
https://jpeterman.com/collections/all/products/lightweight-denim-wide-legs,2388,Lightweight Denim Wide Legs,"$128.00
Unavailable","<p>Zig When They Zag.</p>
<p>Women today are flocking to tight designer jeans, narrow at the bottom and low at the waist, hoping to accomplish what the gym couldn’t.</p>
<p>Well, their wallets are thinner.</p>
<p>You, on the other hand, have never been one to follow the crowd. So I’d like to suggest something different. A new take on the silhouette that made stars like Harlow lankier, leggier.</p>
<p>Yes, wide-legged pants in denim.</p>
<p>“Hmm, you look taller, somehow. New hairdresser?”</p>
<p>I spotted the original in Paris, where they know a few things about flattering the female form.</p>
<p>Lightweight Denim Wide Legs (No. 2388). In soft, weathered cotton. Clean Hollywood waistband with big well-spaced belt loops, an open, refreshing look. Trim on-seam pockets and front and back darts. Waist curves up in back to form V-shaped notch, for victory over the commonplace. 31"" inseam. Imported.</p>"
https://jpeterman.com/collections/all/products/new-jaisalmer-dress,J6486,Jaisalmer Dress,"$198.00
Unavailable","<p>Leap into Being.</p>
<p>“Great talk you gave at the PEN meeting.”</p>
<p>“We have twelve of your wonderful pots.”</p>
<p>“Terrific about the Oscar for Best Documentary. Don’t you think?”</p>
<p>People inevitably make assumptions about you based on how you dress, so why not wear things that nudge them in interesting directions?</p>
<p>Jaisalmer Dress (No. J6486). Low-calf length cut of pure cotton,&nbsp;bodice lined in 100% cotton. Multi-panel design with high-waisted&nbsp;bodice, full-gored skirt. Mandarin collar and V-neck. Navy pom-pom&nbsp;trim at neck and around full sweep. Braided belt with cord ball on&nbsp;each side of waist. Metallic round buttons. Gold sleeve trim. Upper&nbsp;bodice lined in cotton.</p>
<p>An unconventional beauty. Made in India.</p>"
https://jpeterman.com/collections/all/products/wide-leg-cords,J7417,Wide Leg Cords,"$128.00
Unavailable","<div class=""metafield-rich_text_field""><p>More Everything.</p><p>You already own cords.<br>
</p><p>These, however, are just a little more luscious than yours.<br>
</p><p>(An older woman told me once: “The game of life is won by inches.</p><p>Be a little faster, a little smarter, a little better.” I was fourteen then.<br>
</p><p>And she? She wasn’t at that time “a little” beautiful. Oh no.</p><p>She was devastatingly beautiful.)<br>
</p><p>Our corduroy pants are a little better: lush, but not bulky.</p></div>"
https://jpeterman.com/collections/all/products/mkt-7222,7222,Short Sleeve Baseball Tee,"$78.00
Unavailable","<p>Throwing a Curve.</p>
<p>""Sleeves” is what we called them. They were plain and ordinary, nothing to think about twice. (Or so I thought.) But now I realize they were unduplicatable.</p>
<p>I still have mine, and a few emotions, dating from my days in professional baseball.</p>
<p>Sleeves are, were, and always will be comfortable and engaging to wear; lightweight; warm, not hot; not itchy, not sticky, not fussy. Sleeves are good-looking in the way things are when they aren’t trying to be good-looking. And you still don’t have to play professional baseball to get one.</p>
<p>Authentic Baseball Sleeves, for men and women. In 100% cotton single jersey. Three-button placket. <span>&nbsp;</span><span>Imported.</span></p>
<p>&nbsp;</p>
<p><a href=""https://jpeterman.com/products/l-s-authentic-baseball-sleeves"" title=""Authentic Baseball Sleeves"" target=""_blank""><span style=""text-decoration: underline;""><strong>Also available in Long Sleeve.</strong></span></a></p>"
https://jpeterman.com/collections/all/products/gurkha-shorts,J6594,Gurkha Shorts,"$98.00
Unavailable","<p>Back to the Originals. Of all the statues along Whitehall in London (technically, the heart of the British Empire), my favorite is the sturdy Gurkha Soldier. He stands on permanent guard outside the Ministry of Defense, rifle in hand, hat at a jaunty angle. “Bravest of the brave,” reads the memorial inscription, and it’s true; Gurkha regiments in service to Britain have won a remarkable 26 Victoria Crosses for courage under fire. I can’t promise that stepping into these shorts will make a person more intrepid, but the way they look is a nudge in the right direction.</p>
<p>Gurkha Shorts (No. 6594). We brought back our original Gurkha short here in washed-down cotton twill with a generous cut. 9"" inseam Four big pockets and distinctive slimming cummerbund waistband with buckles and adjustment straps. Corozo buttons. Imported.<br></p>"
https://jpeterman.com/collections/all/products/the-original-glamour-pants,6475,The Wide-Leg Glamour Pants,"$118.00
Unavailable","<div class=""metafield-rich_text_field""><p>Back to the Originals.</p><p>Men’s trousers from 1940, adapted to a woman’s body.</p><p>Fluid, sensual, elegant silk twill.</p><p>(It drapes beautifully, moves one millisecond later than you move, then continues moving one millisecond after you’ve stopped.)</p><p>As every man who isn’t dead yet has noticed, women who dress this way could never be confused with a man.</p></div>"
https://jpeterman.com/collections/all/products/womens-classic-horsemen-duster,J6804,Women's Classic Horseman's Duster,"$248.00
Unavailable","<div class=""metafield-rich_text_field""><p>Horseman's Duster for Women.</p><p>Classic horseman’s duster protects you, your rump, your saddle, and your legs.</p><p>Because it’s cut long to do the job, it’s unintentionally very flattering.</p><p>With or without a horse.</p><p>Although I live in horse country, I recommend this coat for other reasons. Because they don’t make Duesenbergs anymore.</p></div>"
https://jpeterman.com/collections/all/products/original-ss-vintage-tee-ss25,J8741,The Original Short-Sleeve Vintage T-Shirt,"$44.00
Unavailable","<div class=""metafield-rich_text_field""><p>A Legend Returns.</p><p>What is this? It looks old.</p><p>Well, it’s a vintage T-shirt. It’s new, but looks old.<br>
</p><p>It’s new but looks old?<br>
</p><p>Well, it seems new, but looks old.<br>
</p><p>Seems? You mean it really is old?<br>
</p><p>Well, you know when you’re out buying a couple of steaks and maybe some antifreeze and you decide on a pack of T-shirts at the same time?<br>
</p><p>You mean it’s like that?</p><p>Well, it’s like that… but different.<br>
</p><p>Different? A lot different.<br>
</p><p>(Adding to the mystery, the original historic labels were accidentally removed and replaced by our own. Sorry.)</p><p>N.B. Found in a leather trunk at Speke’s campsite, where he correctly located the source of the Nile. These T-shirts are 125 years old… more or less…</p></div>"
https://jpeterman.com/collections/all/products/nantucket-sweater,J6543,Nantucket Sweater,"$98.00
Unavailable","<div class=""metafield-rich_text_field""><p>Nantucket</p><p>Indians named it Nantucket, meaning ""faraway land.""</p><p>And that is what it still is.</p><p>In winter, the population drops down to 7,000, sometimes to 3,000. The little summer roses that cross the tops of cottages are gone. The wind blows the waves back.</p><p>In winter, you breathe the lost sea smell.</p><p>Winter is the time to come, I think.</p><p>Try a small hotel. Bring books, good walking shoes. Give the fire in the fireplace the attention it deserves. Read, drink a little wine, eat thick chowder. Wander 15 miles up one side of the island and 15 miles back down the other side.</p><p>I did exactly those things 19 years ago.</p><p>Bought a good sweater there. I'd say it's got another 19 years in it.</p></div>"
https://jpeterman.com/collections/all/products/western-denim-shirt,J6556,Western Denim Shirt,"$88.00
Unavailable","<div class=""metafield-rich_text_field""><p>Denim's Agenda</p><p>In a time when partisan lines turn the sanest of people into raving lunatics, the denim shirt is the lesson that good things happen when old and new collude; the shining beacon your Annie&nbsp;Oakley-loving grandmother and libby Aunt Eleanor can champion (they were the ones who got this thing going in the first place).<br>
</p><p>As the drama unfolded, women paired these with denim skirts and drove airstreams to Bozeman, Savannah, and Marfa. Party lines haven’t prohibited you from doing the same.&nbsp;<br>
</p><p>Come together… Right now.</p></div>"
https://jpeterman.com/collections/all/products/original-ls-vintage-tee-ss25,J8742,The Original Long Sleeve Vintage T-Shirt,"$48.00
Unavailable","<div class=""metafield-rich_text_field""><p>A Legend Returns.</p><p>What is this? It looks old.</p><p>Well, it’s a vintage T-shirt. It’s new, but looks old.<br>
</p><p>It’s new but looks old?<br>
</p><p>Well, it seems new, but looks old.<br>
</p><p>Seems? You mean it really is old?<br>
</p><p>Well, you know when you’re out buying a couple of steaks and maybe some antifreeze and you decide on a pack of T-shirts at the same time?<br>
</p><p>You mean it’s like that?</p><p>Well, it’s like that… but different.<br>
</p><p>Different? A lot different.<br>
</p><p>(Adding to the mystery, the original historic labels were accidentally removed and replaced by our own. Sorry.)</p><p>N.B. Found in a leather trunk at Speke’s campsite, where he correctly located the source of the Nile. These T-shirts are 125 years old… more or less…</p></div>"
https://jpeterman.com/collections/all/products/cotton-jersey-turtleneck,6810,Cotton Jersey Turtleneck,"$88.00
Unavailable","<p data-mce-fragment=""1""><span data-mce-fragment=""1"">""...Sugar and spice and everything nice..."" </span></p>
<p data-mce-fragment=""1""><span data-mce-fragment=""1"">(Hardly.) More like: sultry, tough, teasing. Only woman I know who can out-talk me without uttering a word. </span></p>
<p data-mce-fragment=""1""><span data-mce-fragment=""1"">Beautiful because she really doesn't know she is. </span></p>
<p data-mce-fragment=""1""><span data-mce-fragment=""1"">This is for her. And for women everywhere who don't know they're beautiful. </span></p>
<p data-mce-fragment=""1""><span data-mce-fragment=""1"">Cotton Jersey Turtleneck (N</span><span data-mce-fragment=""1"">o</span><span data-mce-fragment=""1"">. 6810). A turtleneck does many things well. Acts as a comfortable base layer under a blazer or jacket. But maybe what it does best is to frame your face. Long sleeve foldover turtleneck T-shirt in cotton jersey interlock fabric. Fitted, but not tight. Can be worn on its own or as an underlayer for jackets or sweaters. A staple. Imported.</span></p>"
https://jpeterman.com/collections/all/products/epiphany-tunic-set,J7044,Epiphany Tunic Set,"$128.00
Unavailable","<div class=""metafield-rich_text_field""><p>What Are You Doing Here?</p><p>Dipaka takes me to see her llamas as they drink water at the River Chili, outside Arequipa. It’s quiet here, except for the water rushing over the rocks. Powder blue sky stretches out for miles.<br>
</p><p>We take off our shoes and wade into the cool water. Dipaka wears a richly-embroidered tunic that almost vibrates with contentment—a confidence I haven’t seen in her before.</p><p>“Wow, it’s nice out here.”</p><p>“It is, JP, isn’t it?”</p><p>Who knew an MIT graduate, after a decade in mergers and acquisitions in New York, would buy a llama ranch in Peru?</p><p>Where will you end up after you figure it all out? Will you know?</p><p>I bet you’ll be wearing this, or something like it.</p></div>"
https://jpeterman.com/collections/all/products/velvet-1947-dress,J7148,Velvet 1947 Dress,"$198.00
Unavailable","<div class=""metafield-rich_text_field""><p>The Velvet 1947 Dress.</p><p>The most flattering dress of the 20th century.</p><p>Full, sweeping skirt and shaped bodice, for artful emphasis on legs, hips, waist, and bust.</p><p>Rita wore it. Coeds and secretaries wore it. Your mother wore it. Women looked wonderful in it. Still do. And always will.</p><p>Unless the female form undergoes some kind of radical transformation.</p></div>"
https://jpeterman.com/collections/all/products/corduroy-french-work-pants,6862,Corduroy French Work Pants,"$178.00
Unavailable","<p>5-Wale.</p>
<p>Out of the corner of your eye, you notice that the man thatching the roof of that sensational thick-walled cottage in Dorset isn’t merely wearing corduroy pants, but extra-wide-wale corduroy pants.</p>
<p>Aha! The Broadway director driving to work from Snedens Landing in his Aston Martin is wearing, naturally, very-wide-wale pants.</p>
<p>The abstract-expressionist artist roughing it in his $2 million loft in SoHo is wearing, what else, enormously-wide-wale pants.</p>
<p>What is at work here is evidence of a worldwide, but unspoken, preference: Wider is better.</p>
<p>(Wales are the soft, velvety ribs of corduroy. The fewer the wales per inch, the wider they are; the wider they are, the more handsome. Why? God works in mysterious ways.)</p>
<p>Corduroy French Work Pants (No. 6862) in rich, beautifully-washed colors. Exacting replica cut in the style of 1920s French corduroy chore pants, in supremely comfortable 5-wale corduroy from Italy. Tab with hook and bar closure. On-seam pockets. “Fishtail” notch back detail. Coin pocket. Back belt adjuster. Cotton twill waistband; seat reinforcement lining and pocketing. Bracer buttons for suspenders. Antiqued metal workwear buttons. Imported.</p>"
https://jpeterman.com/collections/all/products/printed-wrap-blouse,7078,Transformative Wrap Blouse,"$138.00
Unavailable","<p>Transformation.</p>
<p><span>It's no secret that clothing can be an eloquent tool of expression. A means to convey power, intelligence, warmth, cool.&nbsp; </span></p>
<p><span>But there’s new science to suggest that what we wear can actually change our psychological processes. </span></p>
<p><span>It’s called </span><span>enclothed cognition</span><span> and refers to the effect of clothing on a person’s psychological functions. (This is different from how what we wear affects the people we encounter.)</span></p>
<p><span>Study participants processed information differently when they were wearing, for example, a white lab coat.</span></p>
<p><span>Fascinating stuff.</span></p>
<p><span>Cleopatra might have some thoughts on this, along with every silver screen siren since ever. </span></p>
<p><span>Let's test the theory.</span></p>
<p><span>Transformative Wrap Blouse (N</span><span>o</span><span>. 7078). Wrap top with dramatic shirt collar styling and self-tie at waist. Supima cotton with a bit of stretchy stuff makes it especially comfortable and easy to wear. 3/4 bell sleeve. Self belt.</span><span> Imported.</span></p>"
https://jpeterman.com/collections/all/products/printed-maxi-dress,7036,English Garden Caftan,"$168.00
Unavailable","<p>Insouciance.</p>
<p><span>The thing about a dress like this is how it makes you feel like your most glorious days are still ahead. </span></p>
<p><span>Starting with this one.</span></p>
<p><span>You could spend the month of September by Lake Louise trying to get the alpine blue just right on canvas. </span></p>
<p><span>It could be just you and a typewriter in a cabin outside of Taos.</span></p>
<p><span>Maybe finally learn to play the guitar. </span></p>
<p><span>You with him on the Via Chiantigiana winding through Chianti country. </span></p>
<p><span>Live music at Woodstock (now with more creature comforts). </span></p>
<p><span>Your thoughts coalesce. A page turns.</span></p>
<p><span>What if?</span><span> becomes the question you can’t shake. </span></p>
<p><span>A lovely insouciance takes over. A plan emerges.&nbsp; </span></p>
<p><span>English Garden Caftan (N</span><span>o</span><span>. 7036). Charming V-neck floral caftan with the soul of a maxi dress. Flowing, floral, fabulously free. Shell and lining are 100% viscose. Camisole slip. Self tie at bust. Gathered under bust and at shoulder on neckline. Slip adjuster. </span><span>Imported.</span></p>"
https://jpeterman.com/collections/all/products/secret-keeper-dress-fall-2023,J6489,Secret Keeper Dress,"$69.00
Unavailable","<div class=""metafield-rich_text_field""><p>Secret Keeper.</p><p>&nbsp;</p><p>You have other dresses. Not like this one, but you have them. You need those for certain occasions. Picnics at Blithewold. Private tours of the abbey.<br>
</p><p>This dress is something else. Think sexier, but still elegant. Think dancing in Buenos Aires. Think 1960 DB4 Zagato. Scotch, neat.</p><p>Strategic ruching turns this dress into a secret keeper. Like a good friend, it flatters and forgives. Talks you up to your old beau. And, yes, keeps your secrets.</p></div>"
https://jpeterman.com/collections/all/products/rugby-jersey,6606,Rugby Jersey,"$89.00
Unavailable","<p>“Rugby is a good occasion for keeping thirty bullies far from the center of the city.”</p>
<p style=""text-align: right;"">- Oscar Wilde</p>
<p>To the uninitiated rugby still looks like a game that’s played without rules.</p>
<p>Mauls, scrums, rucks, and cuffs to the head are by their very nature unruly.</p>
<p>Think of all of that vigorous impact on the pitch perpetuated by large men called locks, props, and flankers with only a shirt for protection.</p>
<p>Of course if it’s a traditional jersey, like ours, it’s every ounce the competitor.</p>
<p>Purists will take note of the many authentic touches.</p>
<p>Rubber buttons designed to come undone rather than pop off.</p>
<p>Traditional six horizontal stripes in alternating colors. A small shirt collar that offers limited material for opposing tacklers to grab onto.</p>
<p>Rugby Shirt (No. 6606) in sturdy, paddock-ready 100% cotton. Woven twill collar and placket. Rubberized buttons. Underarm gussets and side vents for maximum comfort. Ribbed cuffs. Imported.</p>"
https://jpeterman.com/collections/all/products/garment-dyed-vintage-long-sleeve-t-shirt,6608,L/S Vintage Tee,"$68.00
Unavailable","<p>Vintage T-Shirts.</p><p>What is this? It looks old.</p><p>Well, it's a vintage T-shirt. It's new but looks old.</p><p>It's new but looks old?</p><p>Well, it seems new, but looks old.</p><p>Seems? You mean it really is old?</p><p>Well, you know when you're out buying a couple of steaks and maybe some antifreeze and you decide on a pack of T-shirts at the same time? You mean it's like that?</p><p>Well, it's like that… but different.</p><p>Different?</p><p>A lot different.</p><p>(Adding to the mystery, the original historic labels were accidentally removed and replaced by our own. Sorry.)</p><p>Garment-Dyed Vintage Long Sleeve T-shirt (No. 6608). Garment-dyed 100% cotton slub. One chest pocket (always handy). Noticeably more substantial cotton than you normally find in T-shirts these days, garment-dyed to achieve the effect of great age. Although newborn, they start out looking good (and old). And stay that way. And they don't disintegrate just at the point when they're starting to get good. Imported.</p>"
https://jpeterman.com/collections/all/products/ss-tee-shirt,6523,The New Perfect T-Shirts,"$29.00
Unavailable","<p>To a Tee.</p>
<p>Every now and then, I go out and do a little research in the field.</p>
<p>As Thornton Wilder put it, “There’s nothing like eavesdropping to show you that the world outside your head is different from the world inside your head.”</p>
<p>I’m always pleased with the discovery.</p>
<p>The conversation, surrounding the not-so-simple T-shirt, in various high-to-higher-end stores to ridiculous-end stores, went like this:</p>
<p>“My Yorkie couldn’t fit into this.”</p>
<p>“Great cut. You’d think they’d make it in short sleeves.”</p>
<p>“Would it be too much to expect it in navy?”</p>
<p>“Did you see the price on this?”</p>
<p>“Hmm. Now this is perfect.”</p>
<p>The New Perfect T-Shirts (No. 6523). Soft cotton and a little stretchy stuff to keep you looking neat. Rounded neck with quarter-inch trim. Slightly fitted (not boxy). Fits the way you want a T-shirt to. Imported.</p>"
https://jpeterman.com/collections/all/products/solid-1947-dress,J6778,Long-Sleeve 1947 Dress,"$248.00
Unavailable","<p>The New 1947 Dress.</p>
<p>The most flattering dress of the 20th century.</p>
<p>Full, sweeping skirt and shaped bodice, for artful emphasis on legs, hips, waist, and bust.</p>
<p>Rita wore it. Coeds and secretaries wore it. Your mother wore it. Women looked wonderful in it. Still do. And always will.</p>
<p>Unless the female form undergoes some kind of radical transformation.</p>
<p>Long-Sleeve 1947 Dress (No. 6778). Deliverance from the boxy, skimpy cut of WWII utility fashions. Splendid cotton/silk blend with the same swinging sweep and sash ties as the short-sleeved version. Mid-calf length. Same V-neck bodice, darts at bust and waist. Same notched collar to stand up pertly if you wish.</p>
<p>This one definitely belongs in your closet, too. Imported.</p>"
https://jpeterman.com/collections/all/products/mission-comfort-flat-front-chinos-jp,J1271,Covent Garden Chinos,"$98.00
Unavailable","<div class=""metafield-rich_text_field""><p>London's West End.</p><p>One step up from jeans on an anglophile’s style chart and one street away from Regent and Carnaby Street, your wife points out a little shop that you just walked by without notice.<br>
</p><p>She’s always been closer to reality than you, and this discovery has become yet another reminder. For blurring the lines between dressing down and dressing up—and skewing toward the latter—these chinos will become an everyday thing in your life as well.<br>
</p><p>Wear them two days in a row without a worry of a wrinkle.<br>
</p><p>Ditch the itinerary. She has the conn.&nbsp;<br>
</p><p>Thank goodness.</p></div>"
https://jpeterman.com/collections/all/products/lc-florentine-seersucker-pants,J2381,Florentine Seersucker Pants,"$49.00
Unavailable","<p>How It's Done.</p>
<p>Summer afternoon.</p>
<p>I notice a beautiful Florentine walking near the duomo at the center of the bustling square. I stop her. I don't even know what I'm going to say.</p>
<p>""Per favore, dove trovare…""</p>
<p>She looks vaguely amused. Is it the oddness of my question? Certainly it's a pickup line she's never, never heard before.</p>
<p>I pull out my summer catalog and try again to make some sense.</p>
<p>She takes it, browses through the pages, exclaims the occasional ""bella"" or ""bello,"" then takes me by the hand and leads me to her regular cafe on Via Dante Alighieri.</p>
<p>She can't remember where she bought the dress, but she has enough time for me to do a loose sketch and explain why a blazer and pants in the same fabric would celebrate the energy of summer.</p>
<p>Florentine Seersucker Pants(No. 2381). They slim the waist. Lengthen the legs. Flatter the curves.</p>
<p>Crisp cotton seersucker with darts on each front panel and one dart on each back panel. Front side pocket and a single welt pocket on back. Topstitched waistband that curves up to center notch in back, very shapely. 31"" inseam. Imported.&nbsp;Fabric Content: 100% Cotton.Care Instructions: Dry Clean Only.Inseam Length: 31"".</p>
<p>&nbsp;</p>
<p>Celebrate the energy of summer with the&nbsp;<a rel=""noopener noreferrer"" title=""Florentine Seersucker Blazer"" href=""https://jpeterman.com/products/seersucker-blazer-summer"" target=""_blank""><strong>Florentine Seersucker Blazer</strong></a></p>"
https://jpeterman.com/collections/all/products/blazer-shirt,J8660,The Lido Collar Shirt,"$79.00
Unavailable","<div class=""metafield-rich_text_field""><p>Savoir-Faire.</p><p>Between your tuxedo shirts and your T-shirts, you need a reliable button-up that gets you out the door with minimal fuss and maximum sartorial impact. Then one day you can’t remember how you got by without this shirt.&nbsp;<br>
</p><p>It imbues you with a certain authoritative savoir-faire, and now they ask you to select the wine at The Ledbury, sit on the museum board, and mollify the shareholders.&nbsp;<br>
</p><p>Its true ingenuity lies in the single-piece collar that extends down the front to double as a placket. This reinforcing effect ensures the collar keeps its shape, while hidden buttons give the collar its distinctive roll—with no top button to disturb the elegant curve.&nbsp;<br>
</p><p>Outcome: you look fully at ease sans tie, with or without a blazer. I promise not to tell anyone how easy we made it for you.</p></div>"
https://jpeterman.com/collections/all/products/cotton-jersey-turtleneck-2023,J6810,Cotton Jersey Turtleneck,"$88.00
Unavailable","<div class=""metafield-rich_text_field""><p>""...Sugar and spice and everything nice...""</p><p>&nbsp;</p><p>(Hardly.)<br>
</p><p>More like: sultry, tough, teasing. Only woman I know who can out-talk me without uttering a word.<br>
</p><p>Beautiful because she really doesn't know she is.<br>
</p><p>This is for her. And for women everywhere who don't know they're beautiful.</p></div>"
https://jpeterman.com/collections/all/products/horsemans-duster,J4074,Horseman's Duster,"$298.00
Unavailable","<div class=""metafield-rich_text_field""><p>The J. Peterman Duster.&nbsp;</p><p>Classic horseman’s duster protects you, your rump, your saddle and your&nbsp;legs down to the ankles.</p><p>Because it’s cut very long to do the job, it’s unintentionally very flattering.&nbsp;With or without a horse.</p><p>Although I live in horse country, I wear this coat for other reasons.&nbsp;Because they don’t make Duesenbergs anymore.</p></div>"
https://jpeterman.com/collections/all/products/striped-poplin-nightshirt,6833,Striped Poplin Nightshirt,"$29.00
Unavailable","<p>Sweet Dreams.</p>
<p>You’ve seen these colors before, at any county fair worth its salt, when you handed over your dollar at the cotton candy stand.</p>
<p>Sometimes you’d get blue, sometimes pink.</p>
<p>In 1897, a dentist (if you can believe it) and a confectioner were the first inventors of machine-spun cotton candy. Seven years later, they introduced it on a grand scale as “Fairy Floss” at the 1904 World’s Fair in St. Louis, to great success. A box of the confection sold for 25¢, or $7.11 in today’s money. The pair sold 68,655 boxes of the stuff, enough to earn them the equivalent of a cool half mil.</p>
<p>Positively dreamy.</p>
<p>Striped Poplin Nightshirt (No. 6833). Loose-fitting nightshirt in cool 100% cotton striped poplin. Center front placket with four faux shell buttons. Imported.</p>"
https://jpeterman.com/collections/all/products/neck-tie-knit-top,6945,Neck Tie Knit Top,"$39.00
Unavailable","<p>The Other New Look.</p>
<p>Paris, late 1940s.<br>Butter, wine, and laughter have made a comeback.<br>Now, French fashion does a little something to reward the women (and men) who stuck it out through the dark years.<br>The New Look. Most romantic style of the century. Gloriously full, sweeping skirts. Emphasis on hips, waists, and bosoms. <br>Neck Tie Knit Top (No. 6945) for everyday or special occasions. You might think of it as a really, really feminine T-shirt. Self-fabric neck tie. Flatlock seams. Small bust darts for figure-enhancing shaping. Timeless comfort in 100% cotton. Imported.</p>"
https://jpeterman.com/collections/all/products/new-lawn-dress,6940,Lady Meux's Lawn Dress,"$178.00
Unavailable","<div class=""metafield-rich_text_field""><p>Leisurely from the Lawn.</p><p>This is not to be taken lightly, lest you answer to the Victorian and Edwardian ghosts who lawn-leisured so well. Hint: if you can get your hands on a medieval English castle, perfect. But it’s not a necessity. <br>
However, the type of turf is essential and predicated on your geography and taste. Bahia, fescue, Kentucky bluegrass. A blend maybe? Consider the palate carefully (crabgrass is not a lawn). Some other particulars: <br>
</p><p>Cocktails - Tea, lemonade, gin and tonics, Sancerre Rosé. <br>
Entertainment - Croquet, bocce, horseshoes, lawn darts, exuberant conversation (the rosé and gin will help).<br>
Guest list - Good talkers. Easygoers. No one afraid of honeybees.<br>
Apparel - I have some ideas.</p></div>"
https://jpeterman.com/collections/all/products/military-tee-2-pack,J6961,Military Tee 2-Pack,"$58.00
Unavailable","<p>The Two-Pack.</p>
<p>&nbsp;</p>
<p>He’s not especially good at carpentry (unless he is). Doesn’t free climb granite cliffs on the weekends (or he does). Can’t throw a lasso worth anything (or has a few shiny buckles to show for it).</p>
<p>Looks perfectly capable either way.</p>
<p>&nbsp;</p>
<p>Military Tee 2-Pack (No. J6961). Vintage undershirt design in exceptionally comfortable cotton club jersey. Classic overlock stitching throughout. Bound collar with triple needle stitching. Comes a pack of two. Implies a solid understanding of long-range targets, financial or tactical. For the man who appreciates a good regimental set of t-shirts. Pack of two includes Olive and Chino. Imported.</p>"
https://jpeterman.com/collections/all/products/print-caftan,6939,Print Caftan,"$79.00
Unavailable","<div class=""metafield-rich_text_field""><p>Sometime After 600 B.C.</p><p>&nbsp;</p><p>One could confidently assume that the caftan was, from the&nbsp;beginning, nearly effortless to wear and certainly always comfortable,&nbsp;but when did the caftan become so chic?</p><p>&nbsp;</p><p>Perhaps with Czarina Alexandra circa 1908.</p><p>Or on Liz anytime after 1964.</p><p>On Grace Kelly in ultrasuede.</p><p>On Grace Slick at the Monterey Pop Festival, 1967.</p><p>On every stylish woman from the Côte d'Azur to Charleston to Chelsea.</p><p>&nbsp;</p><p>Breathable, comfortable, airy, and devastatingly chic. I can’t think of another piece of clothing that looks (and feels) so splendid everywhere, anywhere, on any figure.</p></div>"
https://jpeterman.com/collections/all/products/new-sueded-leggings,J8608,Sueded Leggings,"$48.00
Unavailable","<div class=""metafield-rich_text_field""><p>Persuade in (Almost) Suede.</p><p>Not suede, but close. The look is the same, the feel. Only stretchier. Luxurious, comfortable.<br>
</p><p>You know what leggings can accomplish on their own, wrapping a woman's legs better than just about anything on earth. Ask anyone with a heartbeat.&nbsp;<br>
</p><p>Now level up with sueded leggings and watch the world wobble on its axis.&nbsp;<br>
</p><p>Luxe from Tribeca to Aspen. Subtly extravagant in feel. Selfishly sensuous.&nbsp;<br>
</p><p>Utterly persuasive.</p></div>"
https://jpeterman.com/collections/all/products/4-wale-cords-2023,J1371,4-Wale Cords,"$128.00
Unavailable","<div class=""metafield-rich_text_field""><p>4-Wale</p><p>Out of the corner of your eye, you notice that the man thatching the roof of that sensational thick-walled cottage in Dorset isn’t merely wearing corduroy pants, but extra-wide-wale corduroy pants.</p><p>Aha! The Broadway director driving to work from Snedens Landing in his Aston Martin is wearing, naturally, very-wide-wale pants.</p><p>(Wales are the soft, velvety ribs of corduroy. The fewer the wales per inch, the wider they are; the wider they are, the more handsome. Why? God works in mysterious ways.)</p><p>I had to go to some lengths to find 4-wale corduroy and am pretty confident that you will appreciate it when you see it and wear it. Lustrous and velvety, but thick and deep and bumpy. Very uncitified; striking just the right note of dressing down when worn with a contradictory upscale sports coat or vest.</p></div>"
https://jpeterman.com/collections/all/products/emb-tunic-blouse,6942,Tangier Tunic Blouse,"$58.00
Unavailable","<p>On the Rails.</p>
<p>It all started on the overnight leg from Tangier to Marrakech. I can never sleep on these trips, so it’s usually the bar car at midnight. <br data-mce-fragment=""1""></p>
<p>She glides into the car, impossibly fresh-looking in a vibrant embroidered tunic.&nbsp;<br data-mce-fragment=""1""></p>
<p>We've met a few times in the markets in Tangier.&nbsp;<br data-mce-fragment=""1""></p>
<p>Both of us are eyeing a fellow who’s taken over a table just for himself and spread out a menagerie of treasure. Tiny jars of saffron. Gold earrings. Cigars. A heap of what looks like Belgian lace.&nbsp;<br data-mce-fragment=""1""></p>
<p>Off to one side, a few antique brass seals and a stack of blue and white porcelain cups.&nbsp;<br data-mce-fragment=""1""></p>
<p>Those. I call my best poker face into service, but not soon enough.&nbsp;<br data-mce-fragment=""1""></p>
<p>“How are you at negotiating, Peterman?”&nbsp;<br data-mce-fragment=""1""></p>
<p>Not as expert as she is, it turns out. (Wrong train, wrong time for that guy. And for me.)<br data-mce-fragment=""1""></p>
<p>But I still make off with the details of this tunic.&nbsp;<br data-mce-fragment=""1""></p>
<p>Tangier Tunic Blouse (No. 6942) in deliciously breezy cotton linen. Lots of custom daisy and geometric embroidery at yoke, collar, hem, sleeve, back yoke and outer elbow. ¾ length sleeves. Slightly longer bodice with side slits. Hidden snap placket. Made in India.&nbsp;<br data-mce-fragment=""1""></p>"
https://jpeterman.com/collections/all/products/venetian-boatneck-sweater,J6957,Venetian Boatneck Sweater,"$98.00
Unavailable","<div class=""metafield-rich_text_field""><p>Under the Ponte dei Sospiri.</p><p>Or, to the Americano, the Bridge of Sighs.</p><p>Venice in early spring. Weather itching to turn to summer.</p><p>It might seem obvious to wear a boatneck tee on a gondola, yes.</p><p>When your gondolier is a woman (extremely rare) who looks beautiful in it, you forget all that.</p><p>You don’t need a Rube Goldberg machine to appreciate the softness of a sleeve, the way the cotton skims her, her collarbone making you forget your next thought, which is now: who knew collarbones could be so excellently made?</p><p>(The sweater is also striped in perfect, lovely hues: another nice feature.)</p></div>"
https://jpeterman.com/collections/all/products/seersucker-blazer-summer,J6482,Florentine Seersucker Blazer,"$89.00
Unavailable","<p>How It's Done.</p>
<p>(Sometimes.)</p>
<p>Summer afternoon.<br>I notice a beautiful Florentine walking near the Duomo at the center of the bustling square. I stop her. I don’t even know what I’m going to say.<br>“Per favore, dove trovare…”<br>She looks vaguely amused. Is it the oddness of my question? Certainly it’s a pick-up line she’s never, never heard before.<br>I pull out my summer catalog and try again to make some sense.<br>She takes it, browses through the pages, exclaims the occasional “bella” or “bello,” then takes me by the hand and leads me to her regular cafe on via Dante Alighieri.<br>She can’t remember where she bought the dress, but she has enough time for me to do a loose sketch and explain why a blazer and pants in the same fabric would celebrate the energy of summer.</p>
<p>Florentine Seersucker Blazer (No. 6482). Pure cotton seersucker, satin weave lined. Notched collar. Flapped, welted pockets. Flattering princess seams. Three real working buttons on each cuff. Imported.</p>
<p>&nbsp;</p>
<p>Celebrate the energy of summer with the <a href=""https://jpeterman.com/products/lc-florentine-seersucker-pants"" title=""Florentine Seersucker Pants"" target=""_blank""><strong>Florentine Seersucker Pants</strong></a></p>"
https://jpeterman.com/collections/all/products/original-glamour-pants-holiday-22,6475,The Wide-Leg Glamour Pants,"$128.00
Unavailable","<div class=""metafield-rich_text_field""><p>The Wide-Leg Glamour Pant.</p><p>&nbsp;</p><p>Men’s trousers from 1940, adapted to a woman’s body.<br>
Fluid, sensual, elegant viscose blend.<br>
(It drapes beautifully, moves one millisecond later than you move, then continues moving one millisecond after you’ve stopped.)<br>
As every man who isn’t dead yet has noticed, women who dress this way could never be confused with a man.</p></div>"
https://jpeterman.com/collections/all/products/gmt-dyed-oxford-shirt,7202,The JP Oxford Shirt,"$78.00
Unavailable","<p class=""p1"" data-mce-fragment=""1""><span class=""s1"" data-mce-fragment=""1"">The JP Oxford Shirt.</span></p>
<p class=""p1""><span class=""s1"">I was looking for something both more and less than the traditional Oxford shirts I keep in regular rotation.</span></p>
<p class=""p1""><span class=""s1"">More expeditionary, something that would suggest military credentials.<span class=""Apple-converted-space"">&nbsp;</span></span></p>
<p class=""p1""><span class=""s1"">Less regimented, however. A less buttoned-up button up with enough good manners to be favored by upper-crust English sportsmen. It would also need to have an active-spirited style perfect for adventure.</span></p>
<p class=""p1""><span class=""s1"">Something that, with the right jacket and trousers, would still get me into Corrigans's Mayfair for lunch without raising any eyebrows.<span class=""Apple-converted-space"">&nbsp;</span></span></p>
<p class=""p1""><span class=""s1"">Looks like I've got the details worked out here.<span class=""Apple-converted-space"">&nbsp;</span></span></p>
<p class=""p1""><span class=""s1"">The JP Oxford Shirt (No</span><span class=""s1"">. 7202). Inspired by a 1940s British officer's shirt with all the details you'd expect, including the extraordinary reinforced vintage style placket. Impeccably constructed from a specially-developed ""modified"" Oxford fabric using high-quality yarns, tightly woven to make it extremely hard-wearing, while the unfinished quality gives it a natural look. Button down, spread collar. Curved hem. Pleated chest pocket with military-style scalloped flap. Garment dyed and stone washed. Shell buttons. Contrast chest pocket button. </span><span class=""s3"">Imported.</span></p>"
https://jpeterman.com/collections/all/products/leggings,J8816,Essential Leggings,"$48.00
Unavailable","<div class=""metafield-rich_text_field""><p>Essential Leggings.</p><p>A woman’s legs should be carefully and exquisitely wrapped, as they are about the most precious thing on this planet. The fabric should be soft, but with some stretch. The colors have to blend and bend. The fit, of course, must be exact but not binding.</p></div>"
https://jpeterman.com/collections/all/products/officer-gentleman-pants,6581,Officer & Gentleman Pants,"$98.00
Unavailable","<p>An Officer and a Gentleman.</p>
<p>At Sandhurst, the Brits called them “Tans.”</p>
<p>Working clothes for future Prime Ministers, Brigadiers, Viceroys, etc. Always worn with considerable affection.</p>
<p>Ours are the equal of those. Made of really superb cotton twill, tailored precisely like dress pants. Think of them as Dress Khakis. Your “Do you trust me to dance with your wife?” pants.</p>
<p>Flat front. (The cut is slimming.) Two slant pockets. Left back pocket: button-through flap. Right back pocket: button-through welt.</p>
<p>I hesitate to list all the engineering. (Inside suspender buttons, right inside pocket has coin bag, curtain waistband, etc., etc., etc.)</p>
<p>You may not be an officer. But you can’t stop being a gentleman.</p>
<p>Officer &amp; Gentleman Pant (No. 6581), to be worn with tweed jackets, blue blazers, hacking jackets, suit jackets you can’t bear to throw away, or merely with sweaters, an interesting vest, a suede windbreaker, etc. Imported.</p>
<p style=""text-align: right;""><em>Please note that altered items cannot be returned. Take care to provide your accurate measurements when ordering.</em><br></p>"
https://jpeterman.com/collections/all/products/officer-and-gentleman-field-shirt,6636,Short Sleeve Officer & Gentleman Field Shirt,"$68.00
Unavailable","<p>The Field Shirt.</p>
<p>You’ve been searching for this shirt for about as long as I have.</p>
<p>You had one (so did I) years back, passed down from your dad or your grandfather, who left it up to you to wear it out completely.</p>
<p>A man can only mend a shirt so many times before surrendering. Time to reenter the fray.</p>
<p>Sturdy construction (it’s also exceptionally handsome, I’m told) for absolutely anything other than surrender.</p>
<p>Garment-dyed and sturdy in 6.5 oz. cotton twill. Two front chest pockets with box pleats and button flap closure (suitable for a compass, map, or dry box for matches). Trapunto stitching for a reinforced, quilted effect at collar and under placket. Double needle stitching elsewhere. Shoulder epaulettes. Washed for vintage look and feel. Imported.</p>
<p>Short Sleeve Officer and Gentleman Field Shirt (No. 6636).</p>"
https://jpeterman.com/collections/all/products/lightweight-denim-wide-legs-spring-24,J2388,Lightweight Twill Wide Legs,"$98.00
Unavailable","<div class=""metafield-rich_text_field""><p>Zig When They Zag.</p><p>Women today are flocking to tight designer jeans, narrow at the bottom and low at the waist, hoping to accomplish what the gym couldn’t.</p><p>Well, their wallets are thinner.</p><p>You, on the other hand, have never been one to follow the crowd. So I’d like to suggest something different. A new take on the silhouette that made stars like Harlow lankier, leggier.</p><p>Yes, wide-legged pants in denim.</p><p>“Hmm, you look taller, somehow. New hairdresser?”</p><p>I spotted the original in Paris, where they know a few things about flattering the female form.</p></div>"
https://jpeterman.com/collections/all/products/hindsight-2020-mask,6869,Hindsight 2020 Mask,"$5.00
Unavailable","<p>Hindsight.</p>
<p>By now, you probably know us well as we know ourselves, so you also probably know that it took a great deal of back and forth to decide whether or not we should offer a mask for sale in the Owner’s Manual.</p>
<p>“Medical-grade masks are impossible to get,” said our inventory manager.</p>
<p>“There are legal complications that come with selling non-FDA approved medical grade PPE,” stated our attorney (who else?).</p>
<p>“A what? A mask? It’s just… strange or something,” said the marketing guy.</p>
<p>“It’ll have to look good.” (The designers, in unison.)</p>
<p>“Maybe all that’s true. Still, we have to do something. If we don’t, we’ll look back and wish we did,” said the man in the corner.&nbsp;</p>
<p>Hindsight is a powerful motivator.</p>
<p>The Hindsight 2020 Mask in soft, breathable microsuede. Elastic straps wrap to back of head. One size. Made in USA.</p>
<p>Colors: Jade Floral Print, Light Blue Print, Blue Stripe, Black, Grey Dobby, Floral Print, Khaki Twill.</p>
<div style=""border: 1px; border-style: solid; border-color: #000000; padding: 1em; float: right; background-color: #f5f2a5;"">
<p style=""text-align: center;"">Provisions and caveats.</p>
<p>• For every mask purchased, we''ll donate one to a nonprofit organization who will send it where it''s needed most.</p>
<p>• These masks aren''t medical grade, and they certainly aren''t virus-proof, and we''re not allowed to say how much better off you''ll be wearing one. What we can tell you, is that we''re all wearing one.</p>
<p>• There is a pocket for an insert, but we can''t tell you what to put in there, or even to put anything in there. There are plenty of reputable sources on the web that will help you to decide. We made a list of them at jpeterman.com/mask.</p>
<p>• We can''t accept returns on masks for obvious reasons.</p>
<p>• The mask is hand washable and hang-to-dry.</p>
</div>"
https://jpeterman.com/collections/all/products/1940s-carry-sweater,J7299,1940s Carry Sweater,"$29.00
Unavailable","<p class=""p1"" data-mce-fragment=""1""><span class=""s1"" data-mce-fragment=""1"">The Girl from Mackinac Island.</span></p>
<p class=""p1""><span class=""s1"">In his fifth letter he stated his vessel, the USS Alabama, would be leaving the British territory for the Marshall Islands in two days' time. She could tell he was nervous. His writing was flowery unlike his first letter which included a photograph, his occupation (radioman), height and weight, and love of French bulldogs.<span class=""Apple-converted-space"">&nbsp;</span></span></p>
<p class=""p1""><span class=""s1"">In his eighth letter he made his intentions clear. While on leave, he would be on the afternoon ferry crossing Lake Huron. Their first face to face. She was nervous. The good kind. Not the kind Navy men felt in 1944. There was a cool breeze that day. She knew the perfect carry sweater. Simple and delicate. Not overpowering.<span class=""Apple-converted-space"">&nbsp;</span></span></p>
<p class=""p1""><span class=""s1"">They still write letters to each other.<span class=""Apple-converted-space"">&nbsp;</span></span></p>
<p class=""p1""><span class=""s1"">The 1940s Carry Sweater (No</span><span class=""s1"">. J7299). Made of a soft and stretchy cotton and modal knit. Keeps the indoor AC at bay as well as those cool summertime breezes. Full fashion construction. Crew neckline. Open front placket with rounded edges at sweep (covers you without covering all of your favorite outfits). Three-quarter sleeves, bolero length. </span><span class=""s3"">Imported.<span class=""Apple-converted-space"">&nbsp;</span></span></p>"
https://jpeterman.com/collections/all/products/sag-harbor-vintage-henley,J8031,Sag Harbor Vintage Henley,"$68.00
Unavailable","<div class=""metafield-rich_text_field""><p>Sag Harbor Vintage Henley.</p><p>&nbsp;</p><p>In Dublin, in The Stag’s Head at 3 a.m. I traded my treasured duster for the only remaining copy (still in Latin so please allow me some paraphrasing)…<br>
</p><p>“Find Henley and wear it. It won’t make you look crisp. Nobody looks crisp in Temple of Dendur. So, look good. When you wear something unstructured, relaxed, something that makes you feel good – you look good.”</p></div>"
https://jpeterman.com/collections/all/products/evening-caftan,J5884,Evening Caftan,"$89.00
Unavailable","<div class=""metafield-rich_text_field""><p>Evening Wear?</p><p>&nbsp;</p><p>There’s something new happening here. Some of you see it. Some, I sense, are cautiously optimistic but also confused. You’re asking…</p><p>“Is this a caftan?” Yes. Keep going.</p><p>“But this isn’t boxy like a caftan.” True.</p><p>“There’s no elaborate print.” Right again.</p><p>“There is decorative beading along the neckline. Like a… (pause) dress.” Indeed, there is.</p><p>“It’s flowing and sheer.”</p><p>Yes, we broke some supposed caftan rules.</p><p>Next time the dress code calls for that same old little black dress, go ahead and break some rules.</p></div>"
https://jpeterman.com/collections/all/products/officer-gentleman-field-shirt-v2,J3870,Officer & Gentleman Field Shirt,"$98.00
Unavailable","<div class=""metafield-rich_text_field""><p>Anything Other Than Surrender.</p><p>You’ve been searching for this shirt for about as long as I have.&nbsp;<br>
</p><p>You had one (so did I) years back, passed down from your dad or your grandfather, who left it up to you to wear it out completely.</p><p>It took some real effort, but a shale outcropping on an upstate trail ripped the shoulder and that was that.<br>
</p><p>A man can only mend a shirt so many times before surrendering.&nbsp;<br>
</p><p>Time to reenter the fray. This is the shirt you wear to conquer peaks (Algonquin will make #23 of the 46ers), conduct special ops, strike camp, strike gold.</p><p>Sturdy construction (it’s also exceptionally handsome, I’m told) for absolutely anything other than surrender.&nbsp;</p></div>"
https://jpeterman.com/collections/all/products/floral-marie-antoinette-tunic,J1019,Marie Antoinette Nightshirt,"$88.00
Unavailable","<div class=""metafield-rich_text_field""><p>What Marie Antoinette Wore to Bed.</p><p>Marie-Antoinette is the one who said: “If they don’t have bread, let them eat cake.”<br>
</p><p>She herself had cake... but wanted bread.<br>
</p><p>People want what they haven’t got. Especially when they have Everything.<br>
</p><p>She had everything. Her father was Emperor. Her husband was King. She was Queen.<br>
</p><p>But Versailles suffocated her. She hated the acres of ormolu, miles of mirrors, armies of flatterers. She yearned for something else; she yearned for innocence.<br>
</p><p>She almost got it; built another world for herself. Off in the woods, far from Versailles, she created a tiny hamlet of farms, cowsheds, private apartments with thatched roofs, dairies, vegetable gardens, a ballroom in the form of a barn; a little gleaming river, even a secluded meadow.<br>
</p><p>Few were ever invited to see it.<br>
</p><p>But it was a sensation. Overnight, the aristocracy would have given anything for the privilege of... milking a cow. Or any other favors.&nbsp;This simple nightshirt epitomizes Marie-Antoinette’s dream of innocence.</p></div>"
